#	Name	Type 1	Type 2	Total	HP	Attack	Defense	Sp. Atk	Sp. Def	Speed	Generation	Legendary
1	Bulbasaur	GRASS	POISON	318	45	49	49	65	65	49	1	False
2	Ivysaur	GRASS	POISON	405	60	62	63	80	80	62	1	False
3	Venusaur	GRASS	POISON	525	80	82	83	100	100	82	1	False
3	Venusaur: Mega Venusaur	GRASS	POISON	625	80	100	123	122	120	100	1	False
4	Charmander	FIRE	Null	309	39	52	43	60	50	52	1	False
5	Charmeleon	FIRE	Null	405	58	64	58	80	65	64	1	False
6	Charizard	FIRE	FLYING	534	78	84	78	109	85	84	1	False
6	Charizard: Mega Charizard X	FIRE	DRAGON	634	78	130	111	130	85	130	1	False
6	Charizard: Mega Charizard Y	FIRE	FLYING	634	78	104	78	159	115	104	1	False
7	Squirtle	WATER	Null	314	44	48	65	50	64	48	1	False
8	Wartortle	WATER	Null	405	59	63	80	65	80	63	1	False
9	Blastoise	WATER	Null	530	79	83	100	85	105	83	1	False
9	Blastoise: Mega Blastoise	WATER	Null	630	79	103	120	135	115	103	1	False
10	Caterpie	BUG	Null	195	45	30	35	20	20	30	1	False
11	Metapod	BUG	Null	205	50	20	55	25	25	20	1	False
12	Butterfree	BUG	FLYING	395	60	45	50	90	80	45	1	False
13	Weedle	BUG	POISON	195	40	35	30	20	20	35	1	False
14	Kakuna	BUG	POISON	205	45	25	50	25	25	25	1	False
15	Beedrill	BUG	POISON	395	65	90	40	45	80	90	1	False
15	Beedrill: Mega Beedrill	BUG	POISON	495	65	150	40	15	80	150	1	False
16	Pidgey	NORMAL	FLYING	251	40	45	40	35	35	45	1	False
17	Pidgeotto	NORMAL	FLYING	349	63	60	55	50	50	60	1	False
18	Pidgeot	NORMAL	FLYING	479	83	80	75	70	70	80	1	False
18	Pidgeot: Mega Pidgeot	NORMAL	FLYING	579	83	80	80	135	80	80	1	False
19	Rattata	NORMAL	Null	253	30	56	35	25	35	56	1	False
19	Rattata: Alolan Rattata	DARK	NORMAL	253	30	56	35	25	35	56	1	False
20	Raticate	NORMAL	Null	413	55	81	60	50	70	81	1	False
20	Raticate: Alolan Raticate	DARK	NORMAL	413	75	71	70	40	80	71	1	False
21	Spearow	NORMAL	FLYING	262	40	60	30	31	31	60	1	False
22	Fearow	NORMAL	FLYING	442	65	90	65	61	61	90	1	False
23	Ekans	POISON	Null	288	35	60	44	40	54	60	1	False
24	Arbok	POISON	Null	448	60	95	69	65	79	95	1	False
25	Pikachu	ELECTRIC	Null	320	35	55	40	50	50	55	1	False
26	Raichu	ELECTRIC	Null	485	60	90	55	90	80	90	1	False
26	Raichu: Alolan Raichu	ELECTRIC	PSYCHIC	485	60	85	50	95	85	85	1	False
27	Sandshrew	GROUND	Null	300	50	75	85	20	30	75	1	False
27	Sandshrew: Alolan Sandshrew	ICE	STEEL	300	50	75	90	10	35	75	1	False
28	Sandslash	GROUND	Null	450	75	100	110	45	55	100	1	False
28	Sandslash: Alolan Sandslash	ICE	STEEL	450	75	100	120	25	65	100	1	False
29	Nidoran♀	POISON	Null	275	55	47	52	40	40	47	1	False
30	Nidorina	POISON	Null	365	70	62	67	55	55	62	1	False
31	Nidoqueen	POISON	GROUND	505	90	92	87	75	85	92	1	False
32	Nidoran♂	POISON	Null	273	46	57	40	40	40	57	1	False
33	Nidorino	POISON	Null	365	61	72	57	55	55	72	1	False
34	Nidoking	POISON	GROUND	505	81	102	77	85	75	102	1	False
35	Clefairy	FAIRY	Null	323	70	45	48	60	65	45	1	False
36	Clefable	FAIRY	Null	483	95	70	73	95	90	70	1	False
37	Vulpix	FIRE	Null	299	38	41	40	50	65	41	1	False
37	Vulpix: Alolan Vulpix	ICE	Null	299	38	41	40	50	65	41	1	False
38	Ninetales	FIRE	Null	505	73	76	75	81	100	76	1	False
38	Ninetales: Alolan Ninetales	ICE	FAIRY	505	73	67	75	81	100	67	1	False
39	Jigglypuff	NORMAL	FAIRY	270	115	45	20	45	25	45	1	False
40	Wigglytuff	NORMAL	FAIRY	435	140	70	45	85	50	70	1	False
41	Zubat	POISON	FLYING	245	40	45	35	30	40	45	1	False
42	Golbat	POISON	FLYING	455	75	80	70	65	75	80	1	False
43	Oddish	GRASS	POISON	320	45	50	55	75	65	50	1	False
44	Gloom	GRASS	POISON	395	60	65	70	85	75	65	1	False
45	Vileplume	GRASS	POISON	490	75	80	85	110	90	80	1	False
46	Paras	BUG	GRASS	285	35	70	55	45	55	70	1	False
47	Parasect	BUG	GRASS	405	60	95	80	60	80	95	1	False
48	Venonat	BUG	POISON	305	60	55	50	40	55	55	1	False
49	Venomoth	BUG	POISON	450	70	65	60	90	75	65	1	False
50	Diglett	GROUND	Null	265	10	55	25	35	45	55	1	False
50	Diglett: Alolan Diglett	GROUND	STEEL	265	10	55	30	35	45	55	1	False
51	Dugtrio	GROUND	Null	425	35	100	50	50	70	100	1	False
51	Dugtrio: Alolan Dugtrio	GROUND	STEEL	425	35	100	60	50	70	100	1	False
52	Meowth	NORMAL	Null	290	40	45	35	40	40	45	1	False
52	Meowth: Alolan Meowth	DARK	Null	290	40	35	35	50	40	35	1	False
53	Persian	NORMAL	Null	440	65	70	60	65	65	70	1	False
53	Persian: Alolan Persian	DARK	Null	440	65	60	60	75	65	60	1	False
54	Psyduck	WATER	Null	320	50	52	48	65	50	52	1	False
55	Golduck	WATER	Null	500	80	82	78	95	80	82	1	False
56	Mankey	FIGHTING	Null	305	40	80	35	35	45	80	1	False
57	Primeape	FIGHTING	Null	455	65	105	60	60	70	105	1	False
58	Growlithe	FIRE	Null	350	55	70	45	70	50	70	1	False
59	Arcanine	FIRE	Null	555	90	110	80	100	80	110	1	False
60	Poliwag	WATER	Null	300	40	50	40	40	40	50	1	False
61	Poliwhirl	WATER	Null	385	65	65	65	50	50	65	1	False
62	Poliwrath	WATER	FIGHTING	510	90	95	95	70	90	95	1	False
63	Abra	PSYCHIC	Null	310	25	20	15	105	55	20	1	False
64	Kadabra	PSYCHIC	Null	400	40	35	30	120	70	35	1	False
65	Alakazam	PSYCHIC	Null	500	55	50	45	135	95	50	1	False
65	Alakazam: Mega Alakazam	PSYCHIC	Null	600	55	50	65	175	105	50	1	False
66	Machop	FIGHTING	Null	305	70	80	50	35	35	80	1	False
67	Machoke	FIGHTING	Null	405	80	100	70	50	60	100	1	False
68	Machamp	FIGHTING	Null	505	90	130	80	65	85	130	1	False
69	Bellsprout	GRASS	POISON	300	50	75	35	70	30	75	1	False
70	Weepinbell	GRASS	POISON	390	65	90	50	85	45	90	1	False
71	Victreebel	GRASS	POISON	490	80	105	65	100	70	105	1	False
72	Tentacool	WATER	POISON	335	40	40	35	50	100	40	1	False
73	Tentacruel	WATER	POISON	515	80	70	65	80	120	70	1	False
74	Geodude	ROCK	GROUND	300	40	80	100	30	30	80	1	False
74	Geodude: Alolan Geodude	ROCK	ELECTRIC	300	40	80	100	30	30	80	1	False
75	Graveler	ROCK	GROUND	390	55	95	115	45	45	95	1	False
75	Graveler: Alolan Graveler	ROCK	ELECTRIC	390	55	95	115	45	45	95	1	False
76	Golem	ROCK	GROUND	495	80	120	130	55	65	120	1	False
76	Golem: Alolan Golem	ROCK	ELECTRIC	495	80	120	130	55	65	120	1	False
77	Ponyta	FIRE	Null	410	50	85	55	65	65	85	1	False
78	Rapidash	FIRE	Null	500	65	100	70	80	80	100	1	False
79	Slowpoke	WATER	PSYCHIC	315	90	65	65	40	40	65	1	False
80	Slowbro	WATER	PSYCHIC	490	95	75	110	100	80	75	1	False
80	Slowbro: Mega Slowbro	WATER	PSYCHIC	590	95	75	180	130	80	75	1	False
81	Magnemite	ELECTRIC	STEEL	325	25	35	70	95	55	35	1	False
82	Magneton	ELECTRIC	STEEL	465	50	60	95	120	70	60	1	False
83	Farfetch'd	NORMAL	FLYING	377	52	90	55	58	62	90	1	False
84	Doduo	NORMAL	FLYING	310	35	85	45	35	35	85	1	False
85	Dodrio	NORMAL	FLYING	470	60	110	70	60	60	110	1	False
86	Seel	WATER	Null	325	65	45	55	45	70	45	1	False
87	Dewgong	WATER	ICE	475	90	70	80	70	95	70	1	False
88	Grimer	POISON	Null	325	80	80	50	40	50	80	1	False
88	Grimer: Alolan Grimer	POISON	DARK	325	80	80	50	40	50	80	1	False
89	Muk	POISON	Null	500	105	105	75	65	100	105	1	False
89	Muk: Alolan Muk	POISON	DARK	500	105	105	75	65	100	105	1	False
90	Shellder	WATER	Null	305	30	65	100	45	25	65	1	False
91	Cloyster	WATER	ICE	525	50	95	180	85	45	95	1	False
92	Gastly	GHOST	POISON	310	30	35	30	100	35	35	1	False
93	Haunter	GHOST	POISON	405	45	50	45	115	55	50	1	False
94	Gengar	GHOST	POISON	500	60	65	60	130	75	65	1	False
94	Gengar: Mega Gengar	GHOST	POISON	600	60	65	80	170	95	65	1	False
95	Onix	ROCK	GROUND	385	35	45	160	30	45	45	1	False
96	Drowzee	PSYCHIC	Null	328	60	48	45	43	90	48	1	False
97	Hypno	PSYCHIC	Null	483	85	73	70	73	115	73	1	False
98	Krabby	WATER	Null	325	30	105	90	25	25	105	1	False
99	Kingler	WATER	Null	475	55	130	115	50	50	130	1	False
100	Voltorb	ELECTRIC	Null	330	40	30	50	55	55	30	1	False
101	Electrode	ELECTRIC	Null	490	60	50	70	80	80	50	1	False
102	Exeggcute	GRASS	PSYCHIC	325	60	40	80	60	45	40	1	False
103	Exeggutor	GRASS	PSYCHIC	530	95	95	85	125	75	95	1	False
103	Exeggutor: Alolan Exeggutor	GRASS	DRAGON	530	95	105	85	125	75	105	1	False
104	Cubone	GROUND	Null	320	50	50	95	40	50	50	1	False
105	Marowak	GROUND	Null	425	60	80	110	50	80	80	1	False
105	Marowak: Alolan Marowak	FIRE	GHOST	425	60	80	110	50	80	80	1	False
106	Hitmonlee	FIGHTING	Null	455	50	120	53	35	110	120	1	False
107	Hitmonchan	FIGHTING	Null	455	50	105	79	35	110	105	1	False
108	Lickitung	NORMAL	Null	385	90	55	75	60	75	55	1	False
109	Koffing	POISON	Null	340	40	65	95	60	45	65	1	False
110	Weezing	POISON	Null	490	65	90	120	85	70	90	1	False
111	Rhyhorn	GROUND	ROCK	345	80	85	95	30	30	85	1	False
112	Rhydon	GROUND	ROCK	485	105	130	120	45	45	130	1	False
113	Chansey	NORMAL	Null	450	250	5	5	35	105	5	1	False
114	Tangela	GRASS	Null	435	65	55	115	100	40	55	1	False
115	Kangaskhan	NORMAL	Null	490	105	95	80	40	80	95	1	False
115	Kangaskhan: Mega Kangaskhan	NORMAL	Null	590	105	125	100	60	100	125	1	False
116	Horsea	WATER	Null	295	30	40	70	70	25	40	1	False
117	Seadra	WATER	Null	440	55	65	95	95	45	65	1	False
118	Goldeen	WATER	Null	320	45	67	60	35	50	67	1	False
119	Seaking	WATER	Null	450	80	92	65	65	80	92	1	False
120	Staryu	WATER	Null	340	30	45	55	70	55	45	1	False
121	Starmie	WATER	PSYCHIC	520	60	75	85	100	85	75	1	False
122	Mr. Mime	PSYCHIC	FAIRY	460	40	45	65	100	120	45	1	False
123	Scyther	BUG	FLYING	500	70	110	80	55	80	110	1	False
124	Jynx	ICE	PSYCHIC	455	65	50	35	115	95	50	1	False
125	Electabuzz	ELECTRIC	Null	490	65	83	57	95	85	83	1	False
126	Magmar	FIRE	Null	495	65	95	57	100	85	95	1	False
127	Pinsir	BUG	Null	500	65	125	100	55	70	125	1	False
127	Pinsir: Mega Pinsir	BUG	FLYING	600	65	155	120	65	90	155	1	False
128	Tauros	NORMAL	Null	490	75	100	95	40	70	100	1	False
129	Magikarp	WATER	Null	200	20	10	55	15	20	10	1	False
130	Gyarados	WATER	FLYING	540	95	125	79	60	100	125	1	False
130	Gyarados: Mega Gyarados	WATER	DARK	640	95	155	109	70	130	155	1	False
131	Lapras	WATER	ICE	535	130	85	80	85	95	85	1	False
132	Ditto	NORMAL	Null	288	48	48	48	48	48	48	1	False
133	Eevee	NORMAL	Null	325	55	55	50	45	65	55	1	False
134	Vaporeon	WATER	Null	525	130	65	60	110	95	65	1	False
135	Jolteon	ELECTRIC	Null	525	65	65	60	110	95	65	1	False
136	Flareon	FIRE	Null	525	65	130	60	95	110	130	1	False
137	Porygon	NORMAL	Null	395	65	60	70	85	75	60	1	False
138	Omanyte	ROCK	WATER	355	35	40	100	90	55	40	1	False
139	Omastar	ROCK	WATER	495	70	60	125	115	70	60	1	False
140	Kabuto	ROCK	WATER	355	30	80	90	55	45	80	1	False
141	Kabutops	ROCK	WATER	495	60	115	105	65	70	115	1	False
142	Aerodactyl	ROCK	FLYING	515	80	105	65	60	75	105	1	False
142	Aerodactyl: Mega Aerodactyl	ROCK	FLYING	615	80	135	85	70	95	135	1	False
143	Snorlax	NORMAL	Null	540	160	110	65	65	110	110	1	False
144	Articuno	ICE	FLYING	580	90	85	100	95	125	85	1	True
145	Zapdos	ELECTRIC	FLYING	580	90	90	85	125	90	90	1	True
146	Moltres	FIRE	FLYING	580	90	100	90	125	85	100	1	True
147	Dratini	DRAGON	Null	300	41	64	45	50	50	64	1	False
148	Dragonair	DRAGON	Null	420	61	84	65	70	70	84	1	False
149	Dragonite	DRAGON	FLYING	600	91	134	95	100	100	134	1	False
150	Mewtwo	PSYCHIC	Null	680	106	110	90	154	90	110	1	True
150	Mewtwo: Mega Mewtwo X	PSYCHIC	FIGHTING	780	106	190	100	154	100	190	1	True
150	Mewtwo: Mega Mewtwo Y	PSYCHIC	Null	780	106	150	70	194	120	150	1	True
151	Mew	PSYCHIC	Null	600	100	100	100	100	100	100	1	True
152	Chikorita	GRASS	Null	318	45	49	65	49	65	49	2	False
153	Bayleef	GRASS	Null	405	60	62	80	63	80	62	2	False
154	Meganium	GRASS	Null	525	80	82	100	83	100	82	2	False
155	Cyndaquil	FIRE	Null	309	39	52	43	60	50	52	2	False
156	Quilava	FIRE	Null	405	58	64	58	80	65	64	2	False
157	Typhlosion	FIRE	Null	534	78	84	78	109	85	84	2	False
158	Totodile	WATER	Null	314	50	65	64	44	48	65	2	False
159	Croconaw	WATER	Null	405	65	80	80	59	63	80	2	False
160	Feraligatr	WATER	Null	530	85	105	100	79	83	105	2	False
161	Sentret	NORMAL	Null	215	35	46	34	35	45	46	2	False
162	Furret	NORMAL	Null	415	85	76	64	45	55	76	2	False
163	Hoothoot	NORMAL	FLYING	262	60	30	30	36	56	30	2	False
164	Noctowl	NORMAL	FLYING	452	100	50	50	86	96	50	2	False
165	Ledyba	BUG	FLYING	265	40	20	30	40	80	20	2	False
166	Ledian	BUG	FLYING	390	55	35	50	55	110	35	2	False
167	Spinarak	BUG	POISON	250	40	60	40	40	40	60	2	False
168	Ariados	BUG	POISON	400	70	90	70	60	70	90	2	False
169	Crobat	POISON	FLYING	535	85	90	80	70	80	90	2	False
170	Chinchou	WATER	ELECTRIC	330	75	38	38	56	56	38	2	False
171	Lanturn	WATER	ELECTRIC	460	125	58	58	76	76	58	2	False
172	Pichu	ELECTRIC	Null	205	20	40	15	35	35	40	2	False
173	Cleffa	FAIRY	Null	218	50	25	28	45	55	25	2	False
174	Igglybuff	NORMAL	FAIRY	210	90	30	15	40	20	30	2	False
175	Togepi	FAIRY	Null	245	35	20	65	40	65	20	2	False
176	Togetic	FAIRY	FLYING	405	55	40	85	80	105	40	2	False
177	Natu	PSYCHIC	FLYING	320	40	50	45	70	45	50	2	False
178	Xatu	PSYCHIC	FLYING	470	65	75	70	95	70	75	2	False
179	Mareep	ELECTRIC	Null	280	55	40	40	65	45	40	2	False
180	Flaaffy	ELECTRIC	Null	365	70	55	55	80	60	55	2	False
181	Ampharos	ELECTRIC	Null	510	90	75	85	115	90	75	2	False
181	Ampharos: Mega Ampharos	ELECTRIC	DRAGON	610	90	95	105	165	110	95	2	False
182	Bellossom	GRASS	Null	490	75	80	95	90	100	80	2	False
183	Marill	WATER	FAIRY	250	70	20	50	20	50	20	2	False
184	Azumarill	WATER	FAIRY	420	100	50	80	60	80	50	2	False
185	Sudowoodo	ROCK	Null	410	70	100	115	30	65	100	2	False
186	Politoed	WATER	Null	500	90	75	75	90	100	75	2	False
187	Hoppip	GRASS	FLYING	250	35	35	40	35	55	35	2	False
188	Skiploom	GRASS	FLYING	340	55	45	50	45	65	45	2	False
189	Jumpluff	GRASS	FLYING	460	75	55	70	55	95	55	2	False
190	Aipom	NORMAL	Null	360	55	70	55	40	55	70	2	False
191	Sunkern	GRASS	Null	180	30	30	30	30	30	30	2	False
192	Sunflora	GRASS	Null	425	75	75	55	105	85	75	2	False
193	Yanma	BUG	FLYING	390	65	65	45	75	45	65	2	False
194	Wooper	WATER	GROUND	210	55	45	45	25	25	45	2	False
195	Quagsire	WATER	GROUND	430	95	85	85	65	65	85	2	False
196	Espeon	PSYCHIC	Null	525	65	65	60	130	95	65	2	False
197	Umbreon	DARK	Null	525	95	65	110	60	130	65	2	False
198	Murkrow	DARK	FLYING	405	60	85	42	85	42	85	2	False
199	Slowking	WATER	PSYCHIC	490	95	75	80	100	110	75	2	False
200	Misdreavus	GHOST	Null	435	60	60	60	85	85	60	2	False
201	Unown	PSYCHIC	Null	336	48	72	48	72	48	72	2	False
202	Wobbuffet	PSYCHIC	Null	405	190	33	58	33	58	33	2	False
203	Girafarig	NORMAL	PSYCHIC	455	70	80	65	90	65	80	2	False
204	Pineco	BUG	Null	290	50	65	90	35	35	65	2	False
205	Forretress	BUG	STEEL	465	75	90	140	60	60	90	2	False
206	Dunsparce	NORMAL	Null	415	100	70	70	65	65	70	2	False
207	Gligar	GROUND	FLYING	430	65	75	105	35	65	75	2	False
208	Steelix	STEEL	GROUND	510	75	85	200	55	65	85	2	False
208	Steelix: Mega Steelix	STEEL	GROUND	610	75	125	230	55	95	125	2	False
209	Snubbull	FAIRY	Null	300	60	80	50	40	40	80	2	False
210	Granbull	FAIRY	Null	450	90	120	75	60	60	120	2	False
211	Qwilfish	WATER	POISON	440	65	95	85	55	55	95	2	False
212	Scizor	BUG	STEEL	500	70	130	100	55	80	130	2	False
212	Scizor: Mega Scizor	BUG	STEEL	600	70	150	140	65	100	150	2	False
213	Shuckle	BUG	ROCK	505	20	10	230	10	230	10	2	False
214	Heracross	BUG	FIGHTING	500	80	125	75	40	95	125	2	False
214	Heracross: Mega Heracross	BUG	FIGHTING	600	80	185	115	40	105	185	2	False
215	Sneasel	DARK	ICE	430	55	95	55	35	75	95	2	False
216	Teddiursa	NORMAL	Null	330	60	80	50	50	50	80	2	False
217	Ursaring	NORMAL	Null	500	90	130	75	75	75	130	2	False
218	Slugma	FIRE	Null	250	40	40	40	70	40	40	2	False
219	Magcargo	FIRE	ROCK	430	60	50	120	90	80	50	2	False
220	Swinub	ICE	GROUND	250	50	50	40	30	30	50	2	False
221	Piloswine	ICE	GROUND	450	100	100	80	60	60	100	2	False
222	Corsola	WATER	ROCK	410	65	55	95	65	95	55	2	False
223	Remoraid	WATER	Null	300	35	65	35	65	35	65	2	False
224	Octillery	WATER	Null	480	75	105	75	105	75	105	2	False
225	Delibird	ICE	FLYING	330	45	55	45	65	45	55	2	False
226	Mantine	WATER	FLYING	485	85	40	70	80	140	40	2	False
227	Skarmory	STEEL	FLYING	465	65	80	140	40	70	80	2	False
228	Houndour	DARK	FIRE	330	45	60	30	80	50	60	2	False
229	Houndoom	DARK	FIRE	500	75	90	50	110	80	90	2	False
229	Houndoom: Mega Houndoom	DARK	FIRE	600	75	90	90	140	90	90	2	False
230	Kingdra	WATER	DRAGON	540	75	95	95	95	95	95	2	False
231	Phanpy	GROUND	Null	330	90	60	60	40	40	60	2	False
232	Donphan	GROUND	Null	500	90	120	120	60	60	120	2	False
233	Porygon2	NORMAL	Null	515	85	80	90	105	95	80	2	False
234	Stantler	NORMAL	Null	465	73	95	62	85	65	95	2	False
235	Smeargle	NORMAL	Null	250	55	20	35	20	45	20	2	False
236	Tyrogue	FIGHTING	Null	210	35	35	35	35	35	35	2	False
237	Hitmontop	FIGHTING	Null	455	50	95	95	35	110	95	2	False
238	Smoochum	ICE	PSYCHIC	305	45	30	15	85	65	30	2	False
239	Elekid	ELECTRIC	Null	360	45	63	37	65	55	63	2	False
240	Magby	FIRE	Null	365	45	75	37	70	55	75	2	False
241	Miltank	NORMAL	Null	490	95	80	105	40	70	80	2	False
242	Blissey	NORMAL	Null	540	255	10	10	75	135	10	2	False
243	Raikou	ELECTRIC	Null	580	90	85	75	115	100	85	2	True
244	Entei	FIRE	Null	580	115	115	85	90	75	115	2	True
245	Suicune	WATER	Null	580	100	75	115	90	115	75	2	True
246	Larvitar	ROCK	GROUND	300	50	64	50	45	50	64	2	False
247	Pupitar	ROCK	GROUND	410	70	84	70	65	70	84	2	False
248	Tyranitar	ROCK	DARK	600	100	134	110	95	100	134	2	False
248	Tyranitar: Mega Tyranitar	ROCK	DARK	700	100	164	150	95	120	164	2	False
249	Lugia	PSYCHIC	FLYING	680	106	90	130	90	154	90	2	True
250	Ho-oh	FIRE	FLYING	680	106	130	90	110	154	130	2	False
251	Celebi	PSYCHIC	GRASS	600	100	100	100	100	100	100	2	True
252	Treecko	GRASS	Null	310	40	45	35	65	55	45	3	False
253	Grovyle	GRASS	Null	405	50	65	45	85	65	65	3	False
254	Sceptile	GRASS	Null	530	70	85	65	105	85	85	3	False
254	Sceptile: Mega Sceptile	GRASS	DRAGON	630	70	110	75	145	85	110	3	False
255	Torchic	FIRE	Null	310	45	60	40	70	50	60	3	False
256	Combusken	FIRE	FIGHTING	405	60	85	60	85	60	85	3	False
257	Blaziken	FIRE	FIGHTING	530	80	120	70	110	70	120	3	False
257	Blaziken: Mega Blaziken	FIRE	FIGHTING	630	80	160	80	130	80	160	3	False
258	Mudkip	WATER	Null	310	50	70	50	50	50	70	3	False
259	Marshtomp	WATER	GROUND	405	70	85	70	60	70	85	3	False
260	Swampert	WATER	GROUND	535	100	110	90	85	90	110	3	False
260	Swampert: Mega Swampert	WATER	GROUND	635	100	150	110	95	110	150	3	False
261	Poochyena	DARK	Null	220	35	55	35	30	30	55	3	False
262	Mightyena	DARK	Null	420	70	90	70	60	60	90	3	False
263	Zigzagoon	NORMAL	Null	240	38	30	41	30	41	30	3	False
264	Linoone	NORMAL	Null	420	78	70	61	50	61	70	3	False
265	Wurmple	BUG	Null	195	45	45	35	20	30	45	3	False
266	Silcoon	BUG	Null	205	50	35	55	25	25	35	3	False
267	Beautifly	BUG	FLYING	395	60	70	50	100	50	70	3	False
268	Cascoon	BUG	Null	205	50	35	55	25	25	35	3	False
269	Dustox	BUG	POISON	385	60	50	70	50	90	50	3	False
270	Lotad	WATER	GRASS	220	40	30	30	40	50	30	3	False
271	Lombre	WATER	GRASS	340	60	50	50	60	70	50	3	False
272	Ludicolo	WATER	GRASS	480	80	70	70	90	100	70	3	False
273	Seedot	GRASS	Null	220	40	40	50	30	30	40	3	False
274	Nuzleaf	GRASS	DARK	340	70	70	40	60	40	70	3	False
275	Shiftry	GRASS	DARK	480	90	100	60	90	60	100	3	False
276	Taillow	NORMAL	FLYING	270	40	55	30	30	30	55	3	False
277	Swellow	NORMAL	FLYING	455	60	85	60	75	50	85	3	False
278	Wingull	WATER	FLYING	270	40	30	30	55	30	30	3	False
279	Pelipper	WATER	FLYING	440	60	50	100	95	70	50	3	False
280	Ralts	PSYCHIC	FAIRY	198	28	25	25	45	35	25	3	False
281	Kirlia	PSYCHIC	FAIRY	278	38	35	35	65	55	35	3	False
282	Gardevoir	PSYCHIC	FAIRY	518	68	65	65	125	115	65	3	False
282	Gardevoir: Mega Gardevoir	PSYCHIC	FAIRY	618	68	85	65	165	135	85	3	False
283	Surskit	BUG	WATER	269	40	30	32	50	52	30	3	False
284	Masquerain	BUG	FLYING	454	70	60	62	100	82	60	3	False
285	Shroomish	GRASS	Null	295	60	40	60	40	60	40	3	False
286	Breloom	GRASS	FIGHTING	460	60	130	80	60	60	130	3	False
287	Slakoth	NORMAL	Null	280	60	60	60	35	35	60	3	False
288	Vigoroth	NORMAL	Null	440	80	80	80	55	55	80	3	False
289	Slaking	NORMAL	Null	670	150	160	100	95	65	160	3	False
290	Nincada	BUG	GROUND	266	31	45	90	30	30	45	3	False
291	Ninjask	BUG	FLYING	456	61	90	45	50	50	90	3	False
292	Shedinja	BUG	GHOST	236	1	90	45	30	30	90	3	False
293	Whismur	NORMAL	Null	240	64	51	23	51	23	51	3	False
294	Loudred	NORMAL	Null	360	84	71	43	71	43	71	3	False
295	Exploud	NORMAL	Null	490	104	91	63	91	73	91	3	False
296	Makuhita	FIGHTING	Null	237	72	60	30	20	30	60	3	False
297	Hariyama	FIGHTING	Null	474	144	120	60	40	60	120	3	False
298	Azurill	NORMAL	FAIRY	190	50	20	40	20	40	20	3	False
299	Nosepass	ROCK	Null	375	30	45	135	45	90	45	3	False
300	Skitty	NORMAL	Null	260	50	45	45	35	35	45	3	False
301	Delcatty	NORMAL	Null	400	70	65	65	55	55	65	3	False
302	Sableye	DARK	GHOST	380	50	75	75	65	65	75	3	False
302	Sableye: Mega Sableye	DARK	GHOST	480	50	85	125	85	115	85	3	False
303	Mawile	STEEL	FAIRY	380	50	85	85	55	55	85	3	False
303	Mawile: Mega Mawile	STEEL	FAIRY	480	50	105	125	55	95	105	3	False
304	Aron	STEEL	ROCK	330	50	70	100	40	40	70	3	False
305	Lairon	STEEL	ROCK	430	60	90	140	50	50	90	3	False
306	Aggron	STEEL	ROCK	530	70	110	180	60	60	110	3	False
306	Aggron: Mega Aggron	STEEL	Null	630	70	140	230	60	80	140	3	False
307	Meditite	FIGHTING	PSYCHIC	280	30	40	55	40	55	40	3	False
308	Medicham	FIGHTING	PSYCHIC	410	60	60	75	60	75	60	3	False
308	Medicham: Mega Medicham	FIGHTING	PSYCHIC	510	60	100	85	80	85	100	3	False
309	Electrike	ELECTRIC	Null	295	40	45	40	65	40	45	3	False
310	Manectric	ELECTRIC	Null	475	70	75	60	105	60	75	3	False
310	Manectric: Mega Manectric	ELECTRIC	Null	575	70	75	80	135	80	75	3	False
311	Plusle	ELECTRIC	Null	405	60	50	40	85	75	50	3	False
312	Minun	ELECTRIC	Null	405	60	40	50	75	85	40	3	False
313	Volbeat	BUG	Null	430	65	73	75	47	85	73	3	False
314	Illumise	BUG	Null	430	65	47	75	73	85	47	3	False
315	Roselia	GRASS	POISON	400	50	60	45	100	80	60	3	False
316	Gulpin	POISON	Null	302	70	43	53	43	53	43	3	False
317	Swalot	POISON	Null	467	100	73	83	73	83	73	3	False
318	Carvanha	WATER	DARK	305	45	90	20	65	20	90	3	False
319	Sharpedo	WATER	DARK	460	70	120	40	95	40	120	3	False
319	Sharpedo: Mega Sharpedo	WATER	DARK	560	70	140	70	110	65	140	3	False
320	Wailmer	WATER	Null	400	130	70	35	70	35	70	3	False
321	Wailord	WATER	Null	500	170	90	45	90	45	90	3	False
322	Numel	FIRE	GROUND	305	60	60	40	65	45	60	3	False
323	Camerupt	FIRE	GROUND	460	70	100	70	105	75	100	3	False
323	Camerupt: Mega Camerupt	FIRE	GROUND	560	70	120	100	145	105	120	3	False
324	Torkoal	FIRE	Null	470	70	85	140	85	70	85	3	False
325	Spoink	PSYCHIC	Null	330	60	25	35	70	80	25	3	False
326	Grumpig	PSYCHIC	Null	470	80	45	65	90	110	45	3	False
327	Spinda	NORMAL	Null	360	60	60	60	60	60	60	3	False
328	Trapinch	GROUND	Null	290	45	100	45	45	45	100	3	False
329	Vibrava	GROUND	DRAGON	340	50	70	50	50	50	70	3	False
330	Flygon	GROUND	DRAGON	520	80	100	80	80	80	100	3	False
331	Cacnea	GRASS	Null	335	50	85	40	85	40	85	3	False
332	Cacturne	GRASS	DARK	475	70	115	60	115	60	115	3	False
333	Swablu	NORMAL	FLYING	310	45	40	60	40	75	40	3	False
334	Altaria	DRAGON	FLYING	490	75	70	90	70	105	70	3	False
334	Altaria: Mega Altaria	DRAGON	FAIRY	590	75	110	110	110	105	110	3	False
335	Zangoose	NORMAL	Null	458	73	115	60	60	60	115	3	False
336	Seviper	POISON	Null	458	73	100	60	100	60	100	3	False
337	Lunatone	ROCK	PSYCHIC	460	90	55	65	95	85	55	3	False
338	Solrock	ROCK	PSYCHIC	460	90	95	85	55	65	95	3	False
339	Barboach	WATER	GROUND	288	50	48	43	46	41	48	3	False
340	Whiscash	WATER	GROUND	468	110	78	73	76	71	78	3	False
341	Corphish	WATER	Null	308	43	80	65	50	35	80	3	False
342	Crawdaunt	WATER	DARK	468	63	120	85	90	55	120	3	False
343	Baltoy	GROUND	PSYCHIC	300	40	40	55	40	70	40	3	False
344	Claydol	GROUND	PSYCHIC	500	60	70	105	70	120	70	3	False
345	Lileep	ROCK	GRASS	355	66	41	77	61	87	41	3	False
346	Cradily	ROCK	GRASS	495	86	81	97	81	107	81	3	False
347	Anorith	ROCK	BUG	355	45	95	50	40	50	95	3	False
348	Armaldo	ROCK	BUG	495	75	125	100	70	80	125	3	False
349	Feebas	WATER	Null	200	20	15	20	10	55	15	3	False
350	Milotic	WATER	Null	540	95	60	79	100	125	60	3	False
351	Castform	NORMAL	Null	420	70	70	70	70	70	70	3	False
352	Kecleon	NORMAL	Null	440	60	90	70	60	120	90	3	False
353	Shuppet	GHOST	Null	295	44	75	35	63	33	75	3	False
354	Banette	GHOST	Null	455	64	115	65	83	63	115	3	False
354	Banette: Mega Banette	GHOST	Null	555	64	165	75	93	83	165	3	False
355	Duskull	GHOST	Null	295	20	40	90	30	90	40	3	False
356	Dusclops	GHOST	Null	455	40	70	130	60	130	70	3	False
357	Tropius	GRASS	FLYING	460	99	68	83	72	87	68	3	False
358	Chimecho	PSYCHIC	Null	455	75	50	80	95	90	50	3	False
359	Absol	DARK	Null	465	65	130	60	75	60	130	3	False
359	Absol: Mega Absol	DARK	Null	565	65	150	60	115	60	150	3	False
360	Wynaut	PSYCHIC	Null	260	95	23	48	23	48	23	3	False
361	Snorunt	ICE	Null	300	50	50	50	50	50	50	3	False
362	Glalie	ICE	Null	480	80	80	80	80	80	80	3	False
362	Glalie: Mega Glalie	ICE	Null	580	80	120	80	120	80	120	3	False
363	Spheal	ICE	WATER	290	70	40	50	55	50	40	3	False
364	Sealeo	ICE	WATER	410	90	60	70	75	70	60	3	False
365	Walrein	ICE	WATER	530	110	80	90	95	90	80	3	False
366	Clamperl	WATER	Null	345	35	64	85	74	55	64	3	False
367	Huntail	WATER	Null	485	55	104	105	94	75	104	3	False
368	Gorebyss	WATER	Null	485	55	84	105	114	75	84	3	False
369	Relicanth	WATER	ROCK	485	100	90	130	45	65	90	3	False
370	Luvdisc	WATER	Null	330	43	30	55	40	65	30	3	False
371	Bagon	DRAGON	Null	300	45	75	60	40	30	75	3	False
372	Shelgon	DRAGON	Null	420	65	95	100	60	50	95	3	False
373	Salamence	DRAGON	FLYING	600	95	135	80	110	80	135	3	False
373	Salamence: Mega Salamence	DRAGON	FLYING	700	95	145	130	120	90	145	3	False
374	Beldum	STEEL	PSYCHIC	300	40	55	80	35	60	55	3	False
375	Metang	STEEL	PSYCHIC	420	60	75	100	55	80	75	3	False
376	Metagross	STEEL	PSYCHIC	600	80	135	130	95	90	135	3	False
376	Metagross: Mega Metagross	STEEL	PSYCHIC	700	80	145	150	105	110	145	3	False
377	Regirock	ROCK	Null	580	80	100	200	50	100	100	3	True
378	Regice	ICE	Null	580	80	50	100	100	200	50	3	True
379	Registeel	STEEL	Null	580	80	75	150	75	150	75	3	True
380	Latias	DRAGON	PSYCHIC	600	80	80	90	110	130	80	3	True
380	Latias: Mega Latias	DRAGON	PSYCHIC	700	80	100	120	140	150	100	3	True
381	Latios	DRAGON	PSYCHIC	600	80	90	80	130	110	90	3	True
381	Latios: Mega Latios	DRAGON	PSYCHIC	700	80	130	100	160	120	130	3	True
382	Kyogre	WATER	Null	670	100	100	90	150	140	100	3	False
382	Kyogre: Primal Kyogre	WATER	Null	770	100	150	90	180	160	150	3	False
383	Groudon	GROUND	Null	670	100	150	140	100	90	150	3	True
383	Groudon: Primal Groudon	GROUND	FIRE	770	100	180	160	150	90	180	3	True
384	Rayquaza	DRAGON	FLYING	680	105	150	90	150	90	150	3	True
384	Rayquaza: Mega Rayquaza	DRAGON	FLYING	780	105	180	100	180	100	180	3	True
385	Jirachi	STEEL	PSYCHIC	600	100	100	100	100	100	100	3	True
386	Deoxys: Normal Forme	PSYCHIC	Null	600	50	150	50	150	50	150	3	True
386	Deoxys: Attack Forme	PSYCHIC	Null	600	50	180	20	180	20	180	3	True
386	Deoxys: Defense Forme	PSYCHIC	Null	600	50	70	160	70	160	70	3	True
386	Deoxys: Speed Forme	PSYCHIC	Null	600	50	95	90	95	90	95	3	True
387	Turtwig	GRASS	Null	318	55	68	64	45	55	68	4	False
388	Grotle	GRASS	Null	405	75	89	85	55	65	89	4	False
389	Torterra	GRASS	GROUND	525	95	109	105	75	85	109	4	False
390	Chimchar	FIRE	Null	309	44	58	44	58	44	58	4	False
391	Monferno	FIRE	FIGHTING	405	64	78	52	78	52	78	4	False
392	Infernape	FIRE	FIGHTING	534	76	104	71	104	71	104	4	False
393	Piplup	WATER	Null	314	53	51	53	61	56	51	4	False
394	Prinplup	WATER	Null	405	64	66	68	81	76	66	4	False
395	Empoleon	WATER	STEEL	530	84	86	88	111	101	86	4	False
396	Starly	NORMAL	FLYING	245	40	55	30	30	30	55	4	False
397	Staravia	NORMAL	FLYING	340	55	75	50	40	40	75	4	False
398	Staraptor	NORMAL	FLYING	485	85	120	70	50	60	120	4	False
399	Bidoof	NORMAL	Null	250	59	45	40	35	40	45	4	False
400	Bibarel	NORMAL	WATER	410	79	85	60	55	60	85	4	False
401	Kricketot	BUG	Null	194	37	25	41	25	41	25	4	False
402	Kricketune	BUG	Null	384	77	85	51	55	51	85	4	False
403	Shinx	ELECTRIC	Null	263	45	65	34	40	34	65	4	False
404	Luxio	ELECTRIC	Null	363	60	85	49	60	49	85	4	False
405	Luxray	ELECTRIC	Null	523	80	120	79	95	79	120	4	False
406	Budew	GRASS	POISON	280	40	30	35	50	70	30	4	False
407	Roserade	GRASS	POISON	515	60	70	65	125	105	70	4	False
408	Cranidos	ROCK	Null	350	67	125	40	30	30	125	4	False
409	Rampardos	ROCK	Null	495	97	165	60	65	50	165	4	False
410	Shieldon	ROCK	STEEL	350	30	42	118	42	88	42	4	False
411	Bastiodon	ROCK	STEEL	495	60	52	168	47	138	52	4	False
412	Burmy	BUG	Null	224	40	29	45	29	45	29	4	False
413	Wormadam: Plant Cloak	BUG	GRASS	424	60	59	85	79	105	59	4	False
413	Wormadam: Sandy Cloak	BUG	GROUND	424	60	79	105	59	85	79	4	False
413	Wormadam: Trash Cloak	BUG	STEEL	424	60	69	95	69	95	69	4	False
414	Mothim	BUG	FLYING	424	70	94	50	94	50	94	4	False
415	Combee	BUG	FLYING	244	30	30	42	30	42	30	4	False
416	Vespiquen	BUG	FLYING	474	70	80	102	80	102	80	4	False
417	Pachirisu	ELECTRIC	Null	405	60	45	70	45	90	45	4	False
418	Buizel	WATER	Null	330	55	65	35	60	30	65	4	False
419	Floatzel	WATER	Null	495	85	105	55	85	50	105	4	False
420	Cherubi	GRASS	Null	275	45	35	45	62	53	35	4	False
421	Cherrim	GRASS	Null	450	70	60	70	87	78	60	4	False
422	Shellos	WATER	Null	325	76	48	48	57	62	48	4	False
423	Gastrodon	WATER	GROUND	475	111	83	68	92	82	83	4	False
424	Ambipom	NORMAL	Null	482	75	100	66	60	66	100	4	False
425	Drifloon	GHOST	FLYING	348	90	50	34	60	44	50	4	False
426	Drifblim	GHOST	FLYING	498	150	80	44	90	54	80	4	False
427	Buneary	NORMAL	Null	350	55	66	44	44	56	66	4	False
428	Lopunny	NORMAL	Null	480	65	76	84	54	96	76	4	False
428	Lopunny: Mega Lopunny	NORMAL	FIGHTING	580	65	136	94	54	96	136	4	False
429	Mismagius	GHOST	Null	495	60	60	60	105	105	60	4	False
430	Honchkrow	DARK	FLYING	505	100	125	52	105	52	125	4	False
431	Glameow	NORMAL	Null	310	49	55	42	42	37	55	4	False
432	Purugly	NORMAL	Null	452	71	82	64	64	59	82	4	False
433	Chingling	PSYCHIC	Null	285	45	30	50	65	50	30	4	False
434	Stunky	POISON	DARK	329	63	63	47	41	41	63	4	False
435	Skuntank	POISON	DARK	479	103	93	67	71	61	93	4	False
436	Bronzor	STEEL	PSYCHIC	300	57	24	86	24	86	24	4	False
437	Bronzong	STEEL	PSYCHIC	500	67	89	116	79	116	89	4	False
438	Bonsly	ROCK	Null	290	50	80	95	10	45	80	4	False
439	Mime Jr.	PSYCHIC	FAIRY	310	20	25	45	70	90	25	4	False
440	Happiny	NORMAL	Null	220	100	5	5	15	65	5	4	False
441	Chatot	NORMAL	FLYING	411	76	65	45	92	42	65	4	False
442	Spiritomb	GHOST	DARK	485	50	92	108	92	108	92	4	False
443	Gible	DRAGON	GROUND	300	58	70	45	40	45	70	4	False
444	Gabite	DRAGON	GROUND	410	68	90	65	50	55	90	4	False
445	Garchomp	DRAGON	GROUND	600	108	130	95	80	85	130	4	False
445	Garchomp: Mega Garchomp	DRAGON	GROUND	700	108	170	115	120	95	170	4	False
446	Munchlax	NORMAL	Null	390	135	85	40	40	85	85	4	False
447	Riolu	FIGHTING	Null	285	40	70	40	35	40	70	4	False
448	Lucario	FIGHTING	STEEL	525	70	110	70	115	70	110	4	False
448	Lucario: Mega Lucario	FIGHTING	STEEL	625	70	145	88	140	70	145	4	False
449	Hippopotas	GROUND	Null	330	68	72	78	38	42	72	4	False
450	Hippowdon	GROUND	Null	525	108	112	118	68	72	112	4	False
451	Skorupi	POISON	BUG	330	40	50	90	30	55	50	4	False
452	Drapion	POISON	DARK	500	70	90	110	60	75	90	4	False
453	Croagunk	POISON	FIGHTING	300	48	61	40	61	40	61	4	False
454	Toxicroak	POISON	FIGHTING	490	83	106	65	86	65	106	4	False
455	Carnivine	GRASS	Null	454	74	100	72	90	72	100	4	False
456	Finneon	WATER	Null	330	49	49	56	49	61	49	4	False
457	Lumineon	WATER	Null	460	69	69	76	69	86	69	4	False
458	Mantyke	WATER	FLYING	345	45	20	50	60	120	20	4	False
459	Snover	GRASS	ICE	334	60	62	50	62	60	62	4	False
460	Abomasnow	GRASS	ICE	494	90	92	75	92	85	92	4	False
460	Abomasnow: Mega Abomasnow	GRASS	ICE	594	90	132	105	132	105	132	4	False
461	Weavile	DARK	ICE	510	70	120	65	45	85	120	4	False
462	Magnezone	ELECTRIC	STEEL	535	70	70	115	130	90	70	4	False
463	Lickilicky	NORMAL	Null	515	110	85	95	80	95	85	4	False
464	Rhyperior	GROUND	ROCK	535	115	140	130	55	55	140	4	False
465	Tangrowth	GRASS	Null	535	100	100	125	110	50	100	4	False
466	Electivire	ELECTRIC	Null	540	75	123	67	95	85	123	4	False
467	Magmortar	FIRE	Null	540	75	95	67	125	95	95	4	False
468	Togekiss	FAIRY	FLYING	545	85	50	95	120	115	50	4	False
469	Yanmega	BUG	FLYING	515	86	76	86	116	56	76	4	False
470	Leafeon	GRASS	Null	525	65	110	130	60	65	110	4	False
471	Glaceon	ICE	Null	525	65	60	110	130	95	60	4	False
472	Gliscor	GROUND	FLYING	510	75	95	125	45	75	95	4	False
473	Mamoswine	ICE	GROUND	530	110	130	80	70	60	130	4	False
474	Porygon-Z	NORMAL	Null	535	85	80	70	135	75	80	4	False
475	Gallade	PSYCHIC	FIGHTING	518	68	125	65	65	115	125	4	False
475	Gallade: Mega Gallade	PSYCHIC	FIGHTING	618	68	165	95	65	115	165	4	False
476	Probopass	ROCK	STEEL	525	60	55	145	75	150	55	4	False
477	Dusknoir	GHOST	Null	525	45	100	135	65	135	100	4	False
478	Froslass	ICE	GHOST	480	70	80	70	80	70	80	4	False
479	Rotom	ELECTRIC	GHOST	440	50	50	77	95	77	50	4	False
479	Rotom: Heat Rotom	ELECTRIC	FIRE	520	50	65	107	105	107	65	4	False
479	Rotom: Wash Rotom	ELECTRIC	WATER	520	50	65	107	105	107	65	4	False
479	Rotom: Frost Rotom	ELECTRIC	ICE	520	50	65	107	105	107	65	4	False
479	Rotom: Fan Rotom	ELECTRIC	FLYING	520	50	65	107	105	107	65	4	False
479	Rotom: Mow Rotom	ELECTRIC	GRASS	520	50	65	107	105	107	65	4	False
480	Uxie	PSYCHIC	Null	580	75	75	130	75	130	75	4	True
481	Mesprit	PSYCHIC	Null	580	80	105	105	105	105	105	4	True
482	Azelf	PSYCHIC	Null	580	75	125	70	125	70	125	4	True
483	Dialga	STEEL	DRAGON	680	100	120	120	150	100	120	4	True
484	Palkia	WATER	DRAGON	680	90	120	100	150	120	120	4	True
485	Heatran	FIRE	STEEL	600	91	90	106	130	106	90	4	True
486	Regigigas	NORMAL	Null	670	110	160	110	80	110	160	4	True
487	Giratina: Altered Forme	GHOST	DRAGON	680	150	100	120	100	120	100	4	False
487	Giratina: Origin Forme	GHOST	DRAGON	680	150	120	100	120	100	120	4	False
488	Cresselia	PSYCHIC	Null	600	120	70	120	75	130	70	4	True
489	Phione	WATER	Null	480	80	80	80	80	80	80	4	True
490	Manaphy	WATER	Null	600	100	100	100	100	100	100	4	True
491	Darkrai	DARK	Null	600	70	90	90	135	90	90	4	True
492	Shaymin: Land Forme	GRASS	Null	600	100	100	100	100	100	100	4	True
492	Shaymin: Sky Forme	GRASS	FLYING	600	100	103	75	120	75	103	4	True
493	Arceus	NORMAL	Null	720	120	120	120	120	120	120	4	True
494	Victini	PSYCHIC	FIRE	600	100	100	100	100	100	100	5	True
495	Snivy	GRASS	Null	308	45	45	55	45	55	45	5	False
496	Servine	GRASS	Null	413	60	60	75	60	75	60	5	False
497	Serperior	GRASS	Null	528	75	75	95	75	95	75	5	False
498	Tepig	FIRE	Null	308	65	63	45	45	45	63	5	False
499	Pignite	FIRE	FIGHTING	418	90	93	55	70	55	93	5	False
500	Emboar	FIRE	FIGHTING	528	110	123	65	100	65	123	5	False
501	Oshawott	WATER	Null	308	55	55	45	63	45	55	5	False
502	Dewott	WATER	Null	413	75	75	60	83	60	75	5	False
503	Samurott	WATER	Null	528	95	100	85	108	70	100	5	False
504	Patrat	NORMAL	Null	255	45	55	39	35	39	55	5	False
505	Watchog	NORMAL	Null	420	60	85	69	60	69	85	5	False
506	Lillipup	NORMAL	Null	275	45	60	45	25	45	60	5	False
507	Herdier	NORMAL	Null	370	65	80	65	35	65	80	5	False
508	Stoutland	NORMAL	Null	500	85	110	90	45	90	110	5	False
509	Purrloin	DARK	Null	281	41	50	37	50	37	50	5	False
510	Liepard	DARK	Null	446	64	88	50	88	50	88	5	False
511	Pansage	GRASS	Null	316	50	53	48	53	48	53	5	False
512	Simisage	GRASS	Null	498	75	98	63	98	63	98	5	False
513	Pansear	FIRE	Null	316	50	53	48	53	48	53	5	False
514	Simisear	FIRE	Null	498	75	98	63	98	63	98	5	False
515	Panpour	WATER	Null	316	50	53	48	53	48	53	5	False
516	Simipour	WATER	Null	498	75	98	63	98	63	98	5	False
517	Munna	PSYCHIC	Null	292	76	25	45	67	55	25	5	False
518	Musharna	PSYCHIC	Null	487	116	55	85	107	95	55	5	False
519	Pidove	NORMAL	FLYING	264	50	55	50	36	30	55	5	False
520	Tranquill	NORMAL	FLYING	358	62	77	62	50	42	77	5	False
521	Unfezant	NORMAL	FLYING	488	80	115	80	65	55	115	5	False
522	Blitzle	ELECTRIC	Null	295	45	60	32	50	32	60	5	False
523	Zebstrika	ELECTRIC	Null	497	75	100	63	80	63	100	5	False
524	Roggenrola	ROCK	Null	280	55	75	85	25	25	75	5	False
525	Boldore	ROCK	Null	390	70	105	105	50	40	105	5	False
526	Gigalith	ROCK	Null	515	85	135	130	60	80	135	5	False
527	Woobat	PSYCHIC	FLYING	323	65	45	43	55	43	45	5	False
528	Swoobat	PSYCHIC	FLYING	425	67	57	55	77	55	57	5	False
529	Drilbur	GROUND	Null	328	60	85	40	30	45	85	5	False
530	Excadrill	GROUND	STEEL	508	110	135	60	50	65	135	5	False
531	Audino	NORMAL	Null	445	103	60	86	60	86	60	5	False
531	Audino: Mega Audino	NORMAL	FAIRY	545	103	60	126	80	126	60	5	False
532	Timburr	FIGHTING	Null	305	75	80	55	25	35	80	5	False
533	Gurdurr	FIGHTING	Null	405	85	105	85	40	50	105	5	False
534	Conkeldurr	FIGHTING	Null	505	105	140	95	55	65	140	5	False
535	Tympole	WATER	Null	294	50	50	40	50	40	50	5	False
536	Palpitoad	WATER	GROUND	384	75	65	55	65	55	65	5	False
537	Seismitoad	WATER	GROUND	509	105	95	75	85	75	95	5	False
538	Throh	FIGHTING	Null	465	120	100	85	30	85	100	5	False
539	Sawk	FIGHTING	Null	465	75	125	75	30	75	125	5	False
540	Sewaddle	BUG	GRASS	310	45	53	70	40	60	53	5	False
541	Swadloon	BUG	GRASS	380	55	63	90	50	80	63	5	False
542	Leavanny	BUG	GRASS	500	75	103	80	70	80	103	5	False
543	Venipede	BUG	POISON	260	30	45	59	30	39	45	5	False
544	Whirlipede	BUG	POISON	360	40	55	99	40	79	55	5	False
545	Scolipede	BUG	POISON	485	60	100	89	55	69	100	5	False
546	Cottonee	GRASS	FAIRY	280	40	27	60	37	50	27	5	False
547	Whimsicott	GRASS	FAIRY	480	60	67	85	77	75	67	5	False
548	Petilil	GRASS	Null	280	45	35	50	70	50	35	5	False
549	Lilligant	GRASS	Null	480	70	60	75	110	75	60	5	False
550	Basculin: Red-Striped Form	WATER	Null	460	70	92	65	80	55	92	5	False
550	Basculin: Blue-Striped Form	WATER	Null	460	70	92	65	80	55	92	5	False
551	Sandile	GROUND	DARK	292	50	72	35	35	35	72	5	False
552	Krokorok	GROUND	DARK	351	60	82	45	45	45	82	5	False
553	Krookodile	GROUND	DARK	519	95	117	80	65	70	117	5	False
554	Darumaka	FIRE	Null	315	70	90	45	15	45	90	5	False
555	Darmanitan: Standard Mode	FIRE	Null	480	105	140	55	30	55	140	5	False
555	Darmanitan: Zen Mode	FIRE	PSYCHIC	540	105	30	105	140	105	30	5	False
556	Maractus	GRASS	Null	461	75	86	67	106	67	86	5	False
557	Dwebble	BUG	ROCK	325	50	65	85	35	35	65	5	False
558	Crustle	BUG	ROCK	485	70	105	125	65	75	105	5	False
559	Scraggy	DARK	FIGHTING	348	50	75	70	35	70	75	5	False
560	Scrafty	DARK	FIGHTING	488	65	90	115	45	115	90	5	False
561	Sigilyph	PSYCHIC	FLYING	490	72	58	80	103	80	58	5	False
562	Yamask	GHOST	Null	303	38	30	85	55	65	30	5	False
563	Cofagrigus	GHOST	Null	483	58	50	145	95	105	50	5	False
564	Tirtouga	WATER	ROCK	355	54	78	103	53	45	78	5	False
565	Carracosta	WATER	ROCK	495	74	108	133	83	65	108	5	False
566	Archen	ROCK	FLYING	401	55	112	45	74	45	112	5	False
567	Archeops	ROCK	FLYING	567	75	140	65	112	65	140	5	False
568	Trubbish	POISON	Null	329	50	50	62	40	62	50	5	False
569	Garbodor	POISON	Null	474	80	95	82	60	82	95	5	False
570	Zorua	DARK	Null	330	40	65	40	80	40	65	5	False
571	Zoroark	DARK	Null	510	60	105	60	120	60	105	5	False
572	Minccino	NORMAL	Null	300	55	50	40	40	40	50	5	False
573	Cinccino	NORMAL	Null	470	75	95	60	65	60	95	5	False
574	Gothita	PSYCHIC	Null	290	45	30	50	55	65	30	5	False
575	Gothorita	PSYCHIC	Null	390	60	45	70	75	85	45	5	False
576	Gothitelle	PSYCHIC	Null	490	70	55	95	95	110	55	5	False
577	Solosis	PSYCHIC	Null	290	45	30	40	105	50	30	5	False
578	Duosion	PSYCHIC	Null	370	65	40	50	125	60	40	5	False
579	Reuniclus	PSYCHIC	Null	490	110	65	75	125	85	65	5	False
580	Ducklett	WATER	FLYING	305	62	44	50	44	50	44	5	False
581	Swanna	WATER	FLYING	473	75	87	63	87	63	87	5	False
582	Vanillite	ICE	Null	305	36	50	50	65	60	50	5	False
583	Vanillish	ICE	Null	395	51	65	65	80	75	65	5	False
584	Vanilluxe	ICE	Null	535	71	95	85	110	95	95	5	False
585	Deerling	NORMAL	GRASS	335	60	60	50	40	50	60	5	False
586	Sawsbuck	NORMAL	GRASS	475	80	100	70	60	70	100	5	False
587	Emolga	ELECTRIC	FLYING	428	55	75	60	75	60	75	5	False
588	Karrablast	BUG	Null	315	50	75	45	40	45	75	5	False
589	Escavalier	BUG	STEEL	495	70	135	105	60	105	135	5	False
590	Foongus	GRASS	POISON	294	69	55	45	55	55	55	5	False
591	Amoonguss	GRASS	POISON	464	114	85	70	85	80	85	5	False
592	Frillish	WATER	GHOST	335	55	40	50	65	85	40	5	False
593	Jellicent	WATER	GHOST	480	100	60	70	85	105	60	5	False
594	Alomomola	WATER	Null	470	165	75	80	40	45	75	5	False
595	Joltik	BUG	ELECTRIC	319	50	47	50	57	50	47	5	False
596	Galvantula	BUG	ELECTRIC	472	70	77	60	97	60	77	5	False
597	Ferroseed	GRASS	STEEL	305	44	50	91	24	86	50	5	False
598	Ferrothorn	GRASS	STEEL	489	74	94	131	54	116	94	5	False
599	Klink	STEEL	Null	300	40	55	70	45	60	55	5	False
600	Klang	STEEL	Null	440	60	80	95	70	85	80	5	False
601	Klinklang	STEEL	Null	520	60	100	115	70	85	100	5	False
602	Tynamo	ELECTRIC	Null	275	35	55	40	45	40	55	5	False
603	Eelektrik	ELECTRIC	Null	405	65	85	70	75	70	85	5	False
604	Eelektross	ELECTRIC	Null	515	85	115	80	105	80	115	5	False
605	Elgyem	PSYCHIC	Null	335	55	55	55	85	55	55	5	False
606	Beheeyem	PSYCHIC	Null	485	75	75	75	125	95	75	5	False
607	Litwick	GHOST	FIRE	275	50	30	55	65	55	30	5	False
608	Lampent	GHOST	FIRE	370	60	40	60	95	60	40	5	False
609	Chandelure	GHOST	FIRE	520	60	55	90	145	90	55	5	False
610	Axew	DRAGON	Null	320	46	87	60	30	40	87	5	False
611	Fraxure	DRAGON	Null	410	66	117	70	40	50	117	5	False
612	Haxorus	DRAGON	Null	540	76	147	90	60	70	147	5	False
613	Cubchoo	ICE	Null	305	55	70	40	60	40	70	5	False
614	Beartic	ICE	Null	505	95	130	80	70	80	130	5	False
615	Cryogonal	ICE	Null	515	80	50	50	95	135	50	5	False
616	Shelmet	BUG	Null	305	50	40	85	40	65	40	5	False
617	Accelgor	BUG	Null	495	80	70	40	100	60	70	5	False
618	Stunfisk	GROUND	ELECTRIC	471	109	66	84	81	99	66	5	False
619	Mienfoo	FIGHTING	Null	350	45	85	50	55	50	85	5	False
620	Mienshao	FIGHTING	Null	510	65	125	60	95	60	125	5	False
621	Druddigon	DRAGON	Null	485	77	120	90	60	90	120	5	False
622	Golett	GROUND	GHOST	303	59	74	50	35	50	74	5	False
623	Golurk	GROUND	GHOST	483	89	124	80	55	80	124	5	False
624	Pawniard	DARK	STEEL	340	45	85	70	40	40	85	5	False
625	Bisharp	DARK	STEEL	490	65	125	100	60	70	125	5	False
626	Bouffalant	NORMAL	Null	490	95	110	95	40	95	110	5	False
627	Rufflet	NORMAL	FLYING	350	70	83	50	37	50	83	5	False
628	Braviary	NORMAL	FLYING	510	100	123	75	57	75	123	5	False
629	Vullaby	DARK	FLYING	370	70	55	75	45	65	55	5	False
630	Mandibuzz	DARK	FLYING	510	110	65	105	55	95	65	5	False
631	Heatmor	FIRE	Null	484	85	97	66	105	66	97	5	False
632	Durant	BUG	STEEL	484	58	109	112	48	48	109	5	False
633	Deino	DARK	DRAGON	300	52	65	50	45	50	65	5	False
634	Zweilous	DARK	DRAGON	420	72	85	70	65	70	85	5	False
635	Hydreigon	DARK	DRAGON	600	92	105	90	125	90	105	5	False
636	Larvesta	BUG	FIRE	360	55	85	55	50	55	85	5	False
637	Volcarona	BUG	FIRE	550	85	60	65	135	105	60	5	False
638	Cobalion	STEEL	FIGHTING	580	91	90	129	90	72	90	5	True
639	Terrakion	ROCK	FIGHTING	580	91	129	90	72	90	129	5	True
640	Virizion	GRASS	FIGHTING	580	91	90	72	90	129	90	5	True
641	Tornadus: Incarnate Forme	FLYING	Null	580	79	115	70	125	80	115	5	True
641	Tornadus: Therian Forme	FLYING	Null	580	79	100	80	110	90	100	5	True
642	Thundurus: Incarnate Forme	ELECTRIC	FLYING	580	79	115	70	125	80	115	5	True
642	Thundurus: Therian Forme	ELECTRIC	FLYING	580	79	105	70	145	80	105	5	True
643	Reshiram	DRAGON	FIRE	680	100	120	100	150	120	120	5	True
644	Zekrom	DRAGON	ELECTRIC	680	100	150	120	120	100	150	5	True
645	Landorus: Incarnate Forme	GROUND	FLYING	600	89	125	90	115	80	125	5	True
645	Landorus: Therian Forme	GROUND	FLYING	600	89	145	90	105	80	145	5	True
646	Kyurem	DRAGON	ICE	660	125	130	90	130	90	130	5	True
646	Kyurem: Black Kyurem	DRAGON	ICE	700	125	170	100	120	90	170	5	True
646	Kyurem: White Kyurem	DRAGON	ICE	700	125	120	90	170	100	120	5	True
647	Keldeo: Ordinary Forme	WATER	FIGHTING	580	91	72	90	129	90	72	5	True
647	Keldeo: Resolute Forme	WATER	FIGHTING	580	91	72	90	129	90	72	5	True
648	Meloetta: Aria Forme	NORMAL	PSYCHIC	600	100	77	77	128	128	77	5	True
648	Meloetta: Pirouette Forme	NORMAL	FIGHTING	600	100	128	90	77	77	128	5	True
649	Genesect	BUG	STEEL	600	71	120	95	120	95	120	5	True
650	Chespin	GRASS	Null	313	56	61	65	48	45	61	6	False
651	Quilladin	GRASS	Null	405	61	78	95	56	58	78	6	False
652	Chesnaught	GRASS	FIGHTING	530	88	107	122	74	75	107	6	False
653	Fennekin	FIRE	Null	307	40	45	40	62	60	45	6	False
654	Braixen	FIRE	Null	409	59	59	58	90	70	59	6	False
655	Delphox	FIRE	PSYCHIC	534	75	69	72	114	100	69	6	False
656	Froakie	WATER	Null	314	41	56	40	62	44	56	6	False
657	Frogadier	WATER	Null	405	54	63	52	83	56	63	6	False
658	Greninja	WATER	DARK	530	72	95	67	103	71	95	6	False
658	Greninja: Ash-Greninja	WATER	DARK	640	72	145	67	153	71	145	6	False
659	Bunnelby	NORMAL	Null	237	38	36	38	32	36	36	6	False
660	Diggersby	NORMAL	GROUND	423	85	56	77	50	77	56	6	False
661	Fletchling	NORMAL	FLYING	278	45	50	43	40	38	50	6	False
662	Fletchinder	FIRE	FLYING	382	62	73	55	56	52	73	6	False
663	Talonflame	FIRE	FLYING	499	78	81	71	74	69	81	6	False
664	Scatterbug	BUG	Null	200	38	35	40	27	25	35	6	False
665	Spewpa	BUG	Null	213	45	22	60	27	30	22	6	False
666	Vivillon	BUG	FLYING	411	80	52	50	90	50	52	6	False
667	Litleo	FIRE	NORMAL	369	62	50	58	73	54	50	6	False
668	Pyroar	FIRE	NORMAL	507	86	68	72	109	66	68	6	False
669	Flabébé	FAIRY	Null	303	44	38	39	61	79	38	6	False
670	Floette	FAIRY	Null	371	54	45	47	75	98	45	6	False
671	Florges	FAIRY	Null	552	78	65	68	112	154	65	6	False
672	Skiddo	GRASS	Null	350	66	65	48	62	57	65	6	False
673	Gogoat	GRASS	Null	531	123	100	62	97	81	100	6	False
674	Pancham	FIGHTING	Null	348	67	82	62	46	48	82	6	False
675	Pangoro	FIGHTING	DARK	495	95	124	78	69	71	124	6	False
676	Furfrou	NORMAL	Null	472	75	80	60	65	90	80	6	False
677	Espurr	PSYCHIC	Null	355	62	48	54	63	60	48	6	False
678	Meowstic: Male	PSYCHIC	Null	466	74	48	76	83	81	48	6	False
678	Meowstic: Female	PSYCHIC	Null	466	74	48	76	83	81	48	6	False
679	Honedge	STEEL	GHOST	325	45	80	100	35	37	80	6	False
680	Doublade	STEEL	GHOST	448	59	110	150	45	49	110	6	False
681	Aegislash: Blade Forme	STEEL	GHOST	520	60	150	50	150	50	150	6	False
681	Aegislash: Shield Forme	STEEL	GHOST	520	60	50	150	50	150	50	6	False
682	Spritzee	FAIRY	Null	341	78	52	60	63	65	52	6	False
683	Aromatisse	FAIRY	Null	462	101	72	72	99	89	72	6	False
684	Swirlix	FAIRY	Null	341	62	48	66	59	57	48	6	False
685	Slurpuff	FAIRY	Null	480	82	80	86	85	75	80	6	False
686	Inkay	DARK	PSYCHIC	288	53	54	53	37	46	54	6	False
687	Malamar	DARK	PSYCHIC	482	86	92	88	68	75	92	6	False
688	Binacle	ROCK	WATER	306	42	52	67	39	56	52	6	False
689	Barbaracle	ROCK	WATER	500	72	105	115	54	86	105	6	False
690	Skrelp	POISON	WATER	320	50	60	60	60	60	60	6	False
691	Dragalge	POISON	DRAGON	494	65	75	90	97	123	75	6	False
692	Clauncher	WATER	Null	330	50	53	62	58	63	53	6	False
693	Clawitzer	WATER	Null	500	71	73	88	120	89	73	6	False
694	Helioptile	ELECTRIC	NORMAL	289	44	38	33	61	43	38	6	False
695	Heliolisk	ELECTRIC	NORMAL	481	62	55	52	109	94	55	6	False
696	Tyrunt	ROCK	DRAGON	362	58	89	77	45	45	89	6	False
697	Tyrantrum	ROCK	DRAGON	521	82	121	119	69	59	121	6	False
698	Amaura	ROCK	ICE	362	77	59	50	67	63	59	6	False
699	Aurorus	ROCK	ICE	521	123	77	72	99	92	77	6	False
700	Sylveon	FAIRY	Null	525	95	65	65	110	130	65	6	False
701	Hawlucha	FIGHTING	FLYING	500	78	92	75	74	63	92	6	False
702	Dedenne	ELECTRIC	FAIRY	431	67	58	57	81	67	58	6	False
703	Carbink	ROCK	FAIRY	500	50	50	150	50	150	50	6	False
704	Goomy	DRAGON	Null	300	45	50	35	55	75	50	6	False
705	Sliggoo	DRAGON	Null	452	68	75	53	83	113	75	6	False
706	Goodra	DRAGON	Null	600	90	100	70	110	150	100	6	False
707	Klefki	STEEL	FAIRY	470	57	80	91	80	87	80	6	False
708	Phantump	GHOST	GRASS	309	43	70	48	50	60	70	6	False
709	Trevenant	GHOST	GRASS	474	85	110	76	65	82	110	6	False
710	Pumpkaboo: Average Size	GHOST	GRASS	335	49	66	70	44	55	66	6	False
710	Pumpkaboo: Small Size	GHOST	GRASS	335	44	66	70	44	55	66	6	False
710	Pumpkaboo: Large Size	GHOST	GRASS	335	54	66	70	44	55	66	6	False
710	Pumpkaboo: Super Size	GHOST	GRASS	335	59	66	70	44	55	66	6	False
711	Gourgeist: Average Size	GHOST	GRASS	494	65	90	122	58	75	90	6	False
711	Gourgeist: Small Size	GHOST	GRASS	494	55	85	122	58	75	85	6	False
711	Gourgeist: Large Size	GHOST	GRASS	494	75	95	122	58	75	95	6	False
711	Gourgeist: Super Size	GHOST	GRASS	494	85	100	122	58	75	100	6	False
712	Bergmite	ICE	Null	304	55	69	85	32	35	69	6	False
713	Avalugg	ICE	Null	514	95	117	184	44	46	117	6	False
714	Noibat	FLYING	DRAGON	245	40	30	35	45	40	30	6	False
715	Noivern	FLYING	DRAGON	535	85	70	80	97	80	70	6	False
716	Xerneas	FAIRY	Null	680	126	131	95	131	98	131	6	True
717	Yveltal	DARK	FLYING	680	126	131	95	131	98	131	6	True
718	Zygarde: 50% Forme	DRAGON	GROUND	600	108	100	121	81	95	100	6	True
718	Zygarde: 10% Forme	DRAGON	GROUND	486	54	100	71	61	85	100	6	True
718	Zygarde: Complete Forme	DRAGON	GROUND	708	216	100	121	91	95	100	6	True
719	Diancie	ROCK	FAIRY	600	50	100	150	100	150	100	6	True
719	Diancie: Mega Diancie	ROCK	FAIRY	700	50	160	110	160	110	160	6	True
720	Hoopa: Hoopa Confined	PSYCHIC	GHOST	600	80	110	60	150	130	110	6	True
720	Hoopa: Hoopa Unbound	PSYCHIC	DARK	680	80	160	60	170	130	160	6	True
721	Volcanion	FIRE	WATER	600	80	110	120	130	90	110	6	True
722	Rowlet	GRASS	FLYING	320	68	55	55	50	50	55	7	False
723	Dartrix	GRASS	FLYING	420	78	75	75	70	70	75	7	False
724	Decidueye	GRASS	GHOST	530	78	107	75	100	100	107	7	False
725	Litten	FIRE	Null	320	45	65	40	60	40	65	7	False
726	Torracat	FIRE	Null	420	65	85	50	80	50	85	7	False
727	Incineroar	FIRE	DARK	530	95	115	90	80	90	115	7	False
728	Popplio	WATER	Null	320	50	54	54	66	56	54	7	False
729	Brionne	WATER	Null	420	60	69	69	91	81	69	7	False
730	Primarina	WATER	FAIRY	530	80	74	74	126	116	74	7	False
731	Pikipek	NORMAL	FLYING	265	35	75	30	30	30	75	7	False
732	Trumbeak	NORMAL	FLYING	355	55	85	50	40	50	85	7	False
733	Toucannon	NORMAL	FLYING	485	80	120	75	75	75	120	7	False
734	Yungoos	NORMAL	Null	253	48	70	30	30	30	70	7	False
735	Gumshoos	NORMAL	Null	418	88	110	60	55	60	110	7	False
736	Grubbin	BUG	Null	300	47	62	45	55	45	62	7	False
737	Charjabug	BUG	ELECTRIC	400	57	82	95	55	75	82	7	False
738	Vikavolt	BUG	ELECTRIC	500	77	70	90	145	75	70	7	False
739	Crabrawler	FIGHTING	Null	338	47	82	57	42	47	82	7	False
740	Crabominable	FIGHTING	ICE	478	97	132	77	62	67	132	7	False
741	Oricorio: Baile Style	FIRE	FLYING	476	75	70	70	98	70	70	7	False
741	Oricorio: Pom-Pom Style	ELECTRIC	FLYING	476	75	70	70	98	70	70	7	False
741	Oricorio: Pa'u Style	PSYCHIC	FLYING	476	75	70	70	98	70	70	7	False
741	Oricorio: Sensu Style	GHOST	FLYING	476	75	70	70	98	70	70	7	False
742	Cutiefly	BUG	FAIRY	304	40	45	40	55	40	45	7	False
743	Ribombee	BUG	FAIRY	464	60	55	60	95	70	55	7	False
744	Rockruff	ROCK	Null	280	45	65	40	30	40	65	7	False
745	Lycanroc: Midday Form	ROCK	Null	487	75	115	65	55	65	115	7	False
745	Lycanroc: Midnight Form	ROCK	Null	487	85	115	75	55	75	115	7	False
745	Lycanroc: Dusk Form	ROCK	Null	487	75	117	65	55	65	117	7	False
746	Wishiwashi: Solo Form	WATER	Null	175	45	20	20	25	25	20	7	False
746	Wishiwashi: School Form	WATER	Null	620	45	140	130	140	135	140	7	False
747	Mareanie	POISON	WATER	305	50	53	62	43	52	53	7	False
748	Toxapex	POISON	WATER	495	50	63	152	53	142	63	7	False
749	Mudbray	GROUND	Null	385	70	100	70	45	55	100	7	False
750	Mudsdale	GROUND	Null	500	100	125	100	55	85	125	7	False
751	Dewpider	WATER	BUG	269	38	40	52	40	72	40	7	False
752	Araquanid	WATER	BUG	454	68	70	92	50	132	70	7	False
753	Fomantis	GRASS	Null	250	40	55	35	50	35	55	7	False
754	Lurantis	GRASS	Null	480	70	105	90	80	90	105	7	False
755	Morelull	GRASS	FAIRY	285	40	35	55	65	75	35	7	False
756	Shiinotic	GRASS	FAIRY	405	60	45	80	90	100	45	7	False
757	Salandit	POISON	FIRE	320	48	44	40	71	40	44	7	False
758	Salazzle	POISON	FIRE	480	68	64	60	111	60	64	7	False
759	Stufful	NORMAL	FIGHTING	340	70	75	50	45	50	75	7	False
760	Bewear	NORMAL	FIGHTING	500	120	125	80	55	60	125	7	False
761	Bounsweet	GRASS	Null	210	42	30	38	30	38	30	7	False
762	Steenee	GRASS	Null	290	52	40	48	40	48	40	7	False
763	Tsareena	GRASS	Null	510	72	120	98	50	98	120	7	False
764	Comfey	FAIRY	Null	485	51	52	90	82	110	52	7	False
765	Oranguru	NORMAL	PSYCHIC	490	90	60	80	90	110	60	7	False
766	Passimian	FIGHTING	Null	490	100	120	90	40	60	120	7	False
767	Wimpod	BUG	WATER	230	25	35	40	20	30	35	7	False
768	Golisopod	BUG	WATER	530	75	125	140	60	90	125	7	False
769	Sandygast	GHOST	GROUND	320	55	55	80	70	45	55	7	False
770	Palossand	GHOST	GROUND	480	85	75	110	100	75	75	7	False
771	Pyukumuku	WATER	Null	410	55	60	130	30	130	60	7	False
772	Type: Null	NORMAL	Null	534	95	95	95	95	95	95	7	False
773	Silvally	NORMAL	Null	570	95	95	95	95	95	95	7	True
774	Minior: Meteor Form	ROCK	FLYING	440	60	60	100	60	100	60	7	False
774	Minior: Core Form	ROCK	FLYING	500	60	100	60	100	60	100	7	False
775	Komala	NORMAL	Null	480	65	115	65	75	95	115	7	False
776	Turtonator	FIRE	DRAGON	485	60	78	135	91	85	78	7	False
777	Togedemaru	ELECTRIC	STEEL	435	65	98	63	40	73	98	7	False
778	Mimikyu	GHOST	FAIRY	476	55	90	80	50	105	90	7	False
779	Bruxish	WATER	PSYCHIC	475	68	105	70	70	70	105	7	False
780	Drampa	NORMAL	DRAGON	485	78	60	85	135	91	60	7	False
781	Dhelmise	GHOST	GRASS	517	70	131	100	86	90	131	7	False
782	Jangmo-o	DRAGON	Null	300	45	55	65	45	45	55	7	False
783	Hakamo-o	DRAGON	FIGHTING	420	55	75	90	65	70	75	7	False
784	Kommo-o	DRAGON	FIGHTING	600	75	110	125	100	105	110	7	False
785	Tapu Koko	ELECTRIC	FAIRY	570	70	115	85	95	75	115	7	False
786	Tapu Lele	PSYCHIC	FAIRY	570	70	85	75	130	115	85	7	False
787	Tapu Bulu	GRASS	FAIRY	570	70	130	115	85	95	130	7	False
788	Tapu Fini	WATER	FAIRY	570	70	75	115	95	130	75	7	False
789	Cosmog	PSYCHIC	Null	200	43	29	31	29	31	29	7	True
790	Cosmoem	PSYCHIC	Null	400	43	29	131	29	131	29	7	True
791	Solgaleo	PSYCHIC	STEEL	680	137	137	107	113	89	137	7	True
792	Lunala	PSYCHIC	GHOST	680	137	113	89	137	107	113	7	True
793	Nihilego	ROCK	POISON	570	109	53	47	127	131	53	7	False
794	Buzzwole	BUG	FIGHTING	570	107	139	139	53	53	139	7	False
795	Pheromosa	BUG	FIGHTING	570	71	137	37	137	37	137	7	False
796	Xurkitree	ELECTRIC	Null	570	83	89	71	173	71	89	7	False
797	Celesteela	STEEL	FLYING	570	97	101	103	107	101	101	7	False
798	Kartana	GRASS	STEEL	570	59	181	131	59	31	181	7	False
799	Guzzlord	DARK	DRAGON	570	223	101	53	97	53	101	7	False
800	Necrozma	PSYCHIC	Null	600	97	107	101	127	89	107	7	True
800	Necrozma: Dusk Mane Necrozma	PSYCHIC	STEEL	680	97	157	127	113	109	157	7	True
800	Necrozma: Dawn Wings Necrozma	PSYCHIC	GHOST	680	97	113	109	157	127	113	7	True
800	Necrozma: Ultra Necrozma	PSYCHIC	DRAGON	754	97	167	97	167	97	167	7	True
801	Magearna	STEEL	FAIRY	600	80	95	115	130	115	95	7	True
802	Marshadow	FIGHTING	GHOST	600	90	125	80	90	90	125	7	True
803	Poipole	POISON	Null	420	67	73	67	73	67	73	7	False
804	Naganadel	POISON	DRAGON	540	73	73	73	127	73	73	7	False
805	Stakataka	ROCK	STEEL	570	61	131	211	53	101	131	7	False
806	Blacephalon	FIRE	GHOST	570	53	127	53	151	79	127	7	False
807	Zeraora	ELECTRIC	Null	600	88	112	75	102	80	112	7	True
